	alias	idpersoon	old_idpersoon
0	Bertrand dit Béto	154	batfra_154
1	Rooie Pieter	638	batfra_638
2	Ville-sur-Illon, Comte de Lacépède.	145	batfra_145
3	Verhuell, Graaf van Sevenaer.	35	batfra_35
4	Twenth van Raephorst, Graaf van Rozenburg.	15	batfra_15
5	Winter, Graaf van Huessen	207	batfra_207
6	Cambacérès, Prince-Duc de Parme	71	batfra_71
7	Caulaincourt, Duc de Vicence	129	batfra_129
8	Clarke, Duc de Feltre	77	batfra_77
9	Duroc, Duc de Frioul.	126	batfra_126
10	Gaudin, Duc de Gaëte	81	batfra_81
11	Moncey, Duc de Conegliano	94	batfra_94
12	Lebrun, Prince-Duc de Plaisance	100	batfra_100
13	Maret, Duc de Bassano	73	batfra_73
14	Nompère de Champagny, Duc de Cadore	80	batfra_80
15	Régnier, Duc de Massa	84	batfra_84
16	Savary, Duc de Rovigo	85	batfra_85
17	Pol	871	batfra_871
18	Dedden	1442	batfra_1442
19	Tymmerman	1486	batfra_1486
20	Nanninks	1489	batfra_1489
21	Borgerink	1325	batfra_1325
22	Bruins	1308	batfra_1308
23	Brons	1308	batfra_1308
24	Heumelder	1505	batfra_1505
25	Snijders	1387	batfra_1387
26	Meilink	1676	batfra_1676
27	Leeuwenkamp	1746	batfra_1746
28	Adriaansen	1761	batfra_1761
29	Kaelcken	1802	batfra_1802
30	Nieuwenhuis	1818	batfra_1818
31	Baars	1856	batfra_1856
32	Caen	2438	batfra_2438
33	Noever, Ten	861	batfra_861
34	Vrijdag	1306	batfra_1306
35	Sut	2349	batfra_2349
36	Bisschop	2572	batfra_2572
37	Gerritzen	2629	batfra_2629
38	Drochlet	2845	batfra_2845
39	Droilhet	2845	batfra_2845
40	Jalink	2806	batfra_2806
41		2573	batfra_2573
42	Issing	2907	batfra_2907
43	Orklij	2749	batfra_2749
44	Pijpers	2842	batfra_2842
45	Dingman	2998	batfra_2998
46	Haagen.	378	batfra_378
47	Gaschard	2987	batfra_2987
48	Bonnikerhausen	3096	batfra_3096
49	Feijt	2812	batfra_2812
50	Schneitter	3175	batfra_3175
51	Ogelwigt	3162	batfra_3162
52	Suermond	2698	batfra_2698
53		3112	batfra_3112
54		1171	batfra_1171
55		2192	batfra_2192
56		462	batfra_462
57		122	batfra_122
58		65	batfra_65
59		1748	batfra_1748
60		2510	batfra_2510
61		1682	batfra_1682
62		234	batfra_234
63	Van Middachten van Vrieswijk en Oldhagensdorp	1319	batfra_1319
64	Muentz	1256	batfra_1256
65	Sijpkens	350	batfra_350
66	L' Espinasse	831	batfra_831
67	Tobias.	57	batfra_57
68	Vermoedelijk Goske Cassa.	2832	batfra_2832
69	Aufmorth	2598	batfra_2598
70	Migchels	3339	batfra_3339
71	Verhousen	20	batfra_20
72	Naam las eerst als Masehoek.	3368	batfra_3368
73	Vatenbender	934	batfra_934
74	Heijden	3385	batfra_3385
75	Of J.G.C.	3362	batfra_3362
76	Blijswijk Parde	3371	batfra_3371
77	Raay	3390	batfra_3390
78	Fallee en Galle.	3367	batfra_3367
79		3386	batfra_3386
80	F.H. zou ook kunnen.	3207	batfra_3207
81	NB Elders lijkt er sprake te zijn van andere voorletters in rijtje met dezelfde collega's (C.A. voor C.A. van Ray? Dus vermoedelijk gewoon een fout.)	2661	batfra_2661
82	Elders J.H.	3185	batfra_3185
83	Boudewijn (zie Van der Aa.)	629	batfra_629
84	Adrianus Francois	69	batfra_69
85	Jacob George Jeronimo	498	batfra_498
86		2986	batfra_2986
87	Zou ook Tilenius kunnen zijn, zie hiertoe Van der Aa.	2893	batfra_2893
88	Fromant	210	batfra_210
89	Gazinget	2968	batfra_2968
90	Gerritsen	2629	batfra_2629
91	Goetzee	1563	batfra_1563
92	Zeylstra	1117	batfra_1117
93	Kijmmel	2975	batfra_2975
94	Kok	2885	batfra_2885
95	Kühl	2753	batfra_2753
96	Lelijveld	2646	batfra_2646
97	Mallevault	259	batfra_259
98	Marnet	592	batfra_592
99	Covert	1014	batfra_1014
100	Polarin	3393	batfra_3393
101	Reijn	2887	batfra_2887
102	Romerts	1632	batfra_1632
103	Reynders	1604	batfra_1604
104	Nijenhuis	1657	batfra_1657
105	Barink	1659	batfra_1659
106	Stokebrand	1672	batfra_1672
107	Braak	1680	batfra_1680
108	Lammerdink	1726	batfra_1726
109	Haasewinkel	1740	batfra_1740
110	Schuijseman	1741	batfra_1741
111	Bekman	1749	batfra_1749
112	Geurts	1783	batfra_1783
113	Vooren	2829	batfra_2829
114	Volckar	2902	batfra_2902
115	Okke	2712	batfra_2712
116	Siebes	3432	batfra_3432
117	Berkhof	3348	batfra_3348
118	Bisschop	2577	batfra_2577
119	Bernhofft	2850	batfra_2850
120	Scheffer	3403	batfra_3403
121	Slingenburg	3295	batfra_3295
122	Clé, J. la	528	batfra_528
123	Ekkenhuisen	2782	batfra_2782
124	Deurveldt	3280	batfra_3280
125	Bisschop	3486	batfra_3486
126	Saaijmans	2888	batfra_2888
127	Eikendal	2756	batfra_2756
128	De Coninck d'Outryve	135	batfra_135
129	Wittert van Bloemendaal	3569	batfra_3569
130	Harij	2995	batfra_2995
131	Calkoen van Kortenhoef	422	batfra_422
132	Van Asbeck tot Berge en Munsterhausen	439	batfra_439
133	Van Aylva van Waardenburg en Neerijnen	693	batfra_693
134	Van Brienen van de Groote Lindt	222	batfra_222
135	Van Wickevoort Crommelin van Berkenrode	4	batfra_4
136	Van der Goes van Dirxland	17	batfra_17
137	Van Heeckeren van Enghuizen	1566	batfra_1566
138	Van Heeckeren van Beverweerd	1566	batfra_1566
139	Van Leyden van Westbarendrecht	14	batfra_14
140	Van Lynden van Lunenburg	180	batfra_180
141	Van Pallandt van Eerde	465	batfra_465
142	Van Pallandt tot Beerse	465	batfra_465
143	Sloet van Warmelo	3086	batfra_3086
144	Van Spaen van Biljoen	915	batfra_915
145	Van Spaen la Lecq van Hardenstein	3190	batfra_3190
146	Hendrik Jansz. Mossel van Stralen	392	batfra_392
147	Fontein Verschuir van Heiloo, Oesdom en ter Coulster	298	batfra_298
148	De Vos van Steenwijk van den Hogenhof	181	batfra_181
149	Van Bylandt Halt	726	batfra_726
150	Nagell	3257	batfra_3257
151	Van Pallandt van Keppel	428	batfra_428
152	Van Pallandt van Barlham	428	batfra_428
153	Van Rhemen van Rhemenshuizen	886	batfra_886
154	Singendonck van Dieden	909	batfra_909
155	Staring van den Wildenborch	1513	batfra_1513
156	Van Zuylen van Nievelt van den Schaffelaar	961	batfra_961
157	Van Dedem van de Rollecate	2516	batfra_2516
158	Van Dedem van de Berg	2516	batfra_2516
159	Van Haersolte tot den Doorn	777	batfra_777
160	Reint Willem van Middachten	1319	batfra_1319
161	Beelaerts van Emmichoven	2680	batfra_2680
162	Gevaerts van Geervliet	2112	batfra_2112
163	Reepmaker van Strevelshoek	565	batfra_565
164	Six van Hillegom	912	batfra_912
165	Jantzon van Nieuwland	2497	batfra_2497
166	Nahuys van Burgst	1967	batfra_1967
167	Trip van Zoudtlandt	931	batfra_931
168	Pierre Hofstede	138	batfra_138
169	Van Holthe van Echten	795	batfra_795
170	De Vos van Steenwijk tot Havixhorst	636	batfra_636
171	Van Haersma van Nederhorst den Berg	1106	batfra_1106
172	Huydecoper van Maarsseveen	2803	batfra_2803
173	Six van Oterleek	7	batfra_7
174	Taets van Amerongen van Woudenberg	2935	batfra_2935
175	Van Heiden Reinestein tot Laarwoud	785	batfra_785
176	Van Schuylenburch van Bommenede	904	batfra_904
177	Canneman van de Mijle	26	batfra_26
178	Groeninx van Zoelen van Ridderkerk	2480	batfra_2480
179	Collot d'Escury van Heinenoord	2476	batfra_2476
180	Warin van Schonauwen	3071	batfra_3071
181	Van der Brugghen van Croy	2467	batfra_2467
182	Cuypers van Spangen	438	batfra_438
183	Sandberg van 't Laar	3315	batfra_3315
184	Van Heeckeren van Brandsenburg en Boelestein	3523	batfra_3523
185	Caan van Maurick	2438	batfra_2438
186	Van Gobbelschroy van Spoelbeeck	237	batfra_237
187	Verstolk van Soelen	141	batfra_141
188	Van der Capellen van Berkenwoude	16	batfra_16
189	Repelaer van Driel	429	batfra_429
190	Von Müntz van Heuvelwijk	1256	batfra_1256
191	Van Limburg Stirum van de Wildenborch	179	batfra_179
192	Eppo Cremers	182	batfra_182
193	De Sandra Veldtman van Slochteren	2951	batfra_2951
194	Bijleveld van den Ham	2930	batfra_2930
195	De Perponcher Sedlnitsky van Wolphaartsdijk	3115	batfra_3115
196	Cramer van Ootmarsum	631	batfra_631
197	Blijdenstein van Enschede	706	batfra_706
198	Sloet van Tweenyenhuizen en Bredenhorst	2936	batfra_2936
199	De Jongh van Son van Raamsdonk	1008	batfra_1008
200	Van Kretschmar van Veen	3270	batfra_3270
201	Speelman van Heeswijk en Dinther	916	batfra_916
202	Lambrechtsen van Ritthem	1893	batfra_1893
203	Gevers van Endegeest en Kethel en Spaland	427	batfra_427
204	Van Hees van Berkel	2473	batfra_2473
205	Repelaer van Spijkenisse	884	batfra_884
206	Repelaer van Valkenswaard	884	batfra_884
207	Van Tets van Goudriaan	3094	batfra_3094
208	Van Tuyll van Serooskerken van Vleuten	301	batfra_301
209	Van der Borch van Vorden	294	batfra_294
210	Van Pallandt van Eerde	450	batfra_450
211	Van Kinsbergen van Doggersbank	232	batfra_232
212	Van Heeckeren van de Cloese	304	batfra_304
213	Van Haersolte van Staverden	314	batfra_314
214	Van Pallandt van Walfort en Klarenbeek	1574	batfra_1574
215	Aaldert Schouten	1628	batfra_1628
216	Wittert van Hoogland	3569	batfra_3569
217	Van Doorn van Westkapelle	3088	batfra_3088
218	Linsen de Jonge	2463	batfra_2463
219	Van Gennip	460	batfra_460
220	Van Nagell van Ampsen	3257	batfra_3257
221	Van Rhemen van Rhemenshuizen en de Geldersche Toren	886	batfra_886
0	Van der Capellen van Berkenwoude	3860	negentiende_eeuw_3860
1	Repelaer van Driel	3867	negentiende_eeuw_3867
2	Pélichy de Lichtervelde	3870	negentiende_eeuw_3870
3	Van Ewijck van Oostbroek en De Bilt	3877	negentiende_eeuw_3877
4	Von Müntz van Heuvelwijk	3904	negentiende_eeuw_3904
5	Provó Kluit van Rijnsaterwoude	3945	negentiende_eeuw_3945
6	Noiret de Bruyn van Melis- en Mariekerke	3965	negentiende_eeuw_3965
7	Melort van Middelharnis (1840)	3968	negentiende_eeuw_3968
8	Evertsz	3969	negentiende_eeuw_3969
9	De Vos van Nederveen Cappel	3974	negentiende_eeuw_3974
10	Van Hugenpoth tot den Beerenclaauw	4107	negentiende_eeuw_4107
11	Rau van Gameren	4015	negentiende_eeuw_4015
12	De Lange van Wijngaarden	4047	negentiende_eeuw_4047
13	Van Panhuys van Haeren	4092	negentiende_eeuw_4092
14	Ver Loren van Themaat	4130	negentiende_eeuw_4130
15	Coenen van 's Gravesloot	4138	negentiende_eeuw_4138
16	Van Rijckevorsel van Rijsenburg	4141	negentiende_eeuw_4141
17	Van Oosthuyse van Rijckevorsel van Rijsenburg	4141	negentiende_eeuw_4141
18	Van Doorn van Koudekerke	4145	negentiende_eeuw_4145
19	Lambrechtsen van Ritthem	4148	negentiende_eeuw_4148
20	Schorer van St. Philipsland	4150	negentiende_eeuw_4150
21	Versluys van Krabbendijke en Nieuwlande	4151	negentiende_eeuw_4151
22	De Bruyn van Melis- en Mariekerke	4161	negentiende_eeuw_4161
23	De Jongh van Hedikhuizen	4137	negentiende_eeuw_4137
24	Van Middachten van Vrieswijk en Oldhagensdorp	3014	negentiende_eeuw_3014
25	De Vos van Steenwijk van den Oldenhof	3027	negentiende_eeuw_3027
26	Strick van Linschoten van Bunnik en Vechten	3306	negentiende_eeuw_3306
27	Van der Burgh van Kroonenburgh	3224	negentiende_eeuw_3224
28	Von Schwartz van Ansen	4168	negentiende_eeuw_4168
29	Van Hoey van Vlijmen	4171	negentiende_eeuw_4171
30	Van Teylingen van Hilvarenbeek	4179	negentiende_eeuw_4179
31	Van Heeckeren van Brandsenburg en Boelestein	3505	negentiende_eeuw_3505
32	De Marees van Swinderen van Allersma	3199	negentiende_eeuw_3199
33	Rietvelt van Herpt en Sprang	3141	negentiende_eeuw_3141
34	Van Wickevoort Crommelin van Berkenrode	2727	negentiende_eeuw_2727
35	Cuypers van Spangen	3466	negentiende_eeuw_3466
36	Van Haersma van Nederhorst den Berg	3244	negentiende_eeuw_3244
37	Van Berenbroeck	2849	negentiende_eeuw_2849
38	François van Harencarspel Decker van Beverwijk	3043	negentiende_eeuw_3043
39	Taets van Amerongen van Natewisch	2884	negentiende_eeuw_2884
40	De Jonge van Ellemeet	2885	negentiende_eeuw_2885
41	Van der Lek de Clercq van Stavenisse	2886	negentiende_eeuw_2886
42	Paspoort van Grijpskerke	2887	negentiende_eeuw_2887
43	Gevers van Endegeest	2890	negentiende_eeuw_2890
44	't Hooft van Benthuizen	2893	negentiende_eeuw_2893
45	Huughe van Peutevin	2904	negentiende_eeuw_2904
46	Van Tets van Goudriaan	2908	negentiende_eeuw_2908
47	Van Borssele van Wadenoyen	2913	negentiende_eeuw_2913
48	Van Bylandt Halt	2917	negentiende_eeuw_2917
49	Van der Capellen van Rijsselt	2918	negentiende_eeuw_2918
50	Van Dedem van Vosbergen	2920	negentiende_eeuw_2920
51	Engelen van Angerstein	2925	negentiende_eeuw_2925
52	Van Heeckeren van de Wiersse	2931	negentiende_eeuw_2931
53	Van Heeckeren van Nettelhorst	2932	negentiende_eeuw_2932
54	Van Hövell tot Westerflier en Wezeveld	2933	negentiende_eeuw_2933
55	Van Loë van Overdijck	2937	negentiende_eeuw_2937
56	Van Lynden van Oldenaller en de Snor	2938	negentiende_eeuw_2938
57	Mackay van Ophemert en Zennewijnen	2939	negentiende_eeuw_2939
58	Van Nagell van Ampsen	2940	negentiende_eeuw_2940
59	Van Pabst van Bingerden	2944	negentiende_eeuw_2944
60	Van Pallandt van Keppel	2945	negentiende_eeuw_2945
61	Van Rappard van Balgoy	2948	negentiende_eeuw_2948
62	Van Rhemen van Rhemenshuizen	2950	negentiende_eeuw_2950
63	Singendonck van Dieden	2954	negentiende_eeuw_2954
64	Van Spaen van Schouwenburg	2955	negentiende_eeuw_2955
65	Staring van den Wildenborch	2957	negentiende_eeuw_2957
66	Van Westerholt van Hacfort	2965	negentiende_eeuw_2965
67	Van Zuylen van Nievelt van den Schaffelaar	2966	negentiende_eeuw_2966
68	Van der Haer van Campensnieuwland	2976	negentiende_eeuw_2976
69	Bentinck van Schoonheten	2997	negentiende_eeuw_2997
70	Bentinck van Schoonheten	2998	negentiende_eeuw_2998
71	Van Dedem van de Rollecate	3000	negentiende_eeuw_3000
72	Gansneb genaamd Tengnagel van de Luttenberg	3003	negentiende_eeuw_3003
73	Van Haersolte tot den Doorn	3005	negentiende_eeuw_3005
74	Van Isselmuden van Zwollingercamp	3009	negentiende_eeuw_3009
75	Van Ittersum van Relaer	3010	negentiende_eeuw_3010
76	Van Rechteren van de Hofstede	3019	negentiende_eeuw_3019
77	Van Rechteren Limpurg van Rechteren	3020	negentiende_eeuw_3020
78	Beelaerts van Emmichoven	3033	negentiende_eeuw_3033
79	Bisdom van Vliet	3036	negentiende_eeuw_3036
80	Van der Goes van Naters	3054	negentiende_eeuw_3054
81	De Heere van Holy	3057	negentiende_eeuw_3057
82	Niclas Kyronius	3064	negentiende_eeuw_3064
83	Van Lockhorst van Toll en Venhuizen	3074	negentiende_eeuw_3074
84	Van Poeliën van Nuland	3085	negentiende_eeuw_3085
85	Reepmaker van Strevelshoek	3089	negentiende_eeuw_3089
86	De Roo van Westmaas	3091	negentiende_eeuw_3091
87	Six van Hillegom	3095	negentiende_eeuw_3095
88	Van Boetzelaer van Kijfhoek	2692	negentiende_eeuw_2692
89	Calkoen van Kortenhoef	2693	negentiende_eeuw_2693
90	Van der Heyden van Baak	2694	negentiende_eeuw_2694
91	Van Aerschot van Schoonhoven	2702	negentiende_eeuw_2702
92	Van Aylva van Waardenburg en Neerijnen	2704	negentiende_eeuw_2704
93	Van Boetzelaer van Dubbeldam	2711	negentiende_eeuw_2711
94	Van Brienen van de Groote Lindt	2715	negentiende_eeuw_2715
95	Van Brienen van de Groote Lindt	2716	negentiende_eeuw_2716
96	De Goër de Forêt	2737	negentiende_eeuw_2737
97	Van der Goes van Dirxland	2738	negentiende_eeuw_2738
98	Van Heeckeren van Enghuizen	2745	negentiende_eeuw_2745
99	Van Heeckeren van Enghuizen en Beverweerd	2746	negentiende_eeuw_2746
100	Van Heerdt tot Eversberg	2747	negentiende_eeuw_2747
101	De Hemricourt de Ramioul	2750	negentiende_eeuw_2750
102	De Keverberg d'Aldengoor	2760	negentiende_eeuw_2760
103	Van Leyden van Westbarendrecht	2764	negentiende_eeuw_2764
104	Liedekerke de Beaufort prins de Gavre	2765	negentiende_eeuw_2765
105	De Liedel de Well	2766	negentiende_eeuw_2766
106	Van Limburg Stirum Noordwijk	2769	negentiende_eeuw_2769
107	Van Lynden van Hemmen	2773	negentiende_eeuw_2773
108	Van Lynden van Lunenburg	2774	negentiende_eeuw_2774
109	Van Nes van Meerkerk	2783	negentiende_eeuw_2783
110	De Néverlée de la Fortelle	2784	negentiende_eeuw_2784
111	Van Pallandt van Eerde	2790	negentiende_eeuw_2790
112	Van Pallandt van Beerse	2791	negentiende_eeuw_2791
113	De Pesters van Cattenbroek	2792	negentiende_eeuw_2792
114	Schimmelpenninck van Nijenhuis	2803	negentiende_eeuw_2803
115	Schimmelpenninck van der Oye van den Poll	2804	negentiende_eeuw_2804
116	Sloet van Warmelo	2806	negentiende_eeuw_2806
117	Van Spaen van Biljoen	2807	negentiende_eeuw_2807
118	Van Spaen la Lecq van Hardenstein	2808	negentiende_eeuw_2808
119	Steengracht van Oosterland	2810	negentiende_eeuw_2810
120	De Stockhem de Heers	2811	negentiende_eeuw_2811
121	Van Swinderen van Rensuma	2813	negentiende_eeuw_2813
122	Van Tuyll van Serooskerken van Zuylen	2820	negentiende_eeuw_2820
123	Vaernewijck d'Angest	2821	negentiende_eeuw_2821
124	Fontein Verschuir van Heiloo, Oesdom en ter Coulster	2823	negentiende_eeuw_2823
125	De Vinck de Wesel	2824	negentiende_eeuw_2824
126	De Vos van Steenwijk van den Hogenhof	2825	negentiende_eeuw_2825
127	Van Wassenaer van Starrenburg	2828	negentiende_eeuw_2828
128	Van Weede van Dijkveld	2829	negentiende_eeuw_2829
129	Van Pallandt van Waardenburg en Neerijnen	2836	negentiende_eeuw_2836
130	Van Rhemen van Rhemenshuizen	2840	negentiende_eeuw_2840
131	Van Goltstein van Oldenaller	2842	negentiende_eeuw_2842
132	Sichterman van de Brake	2847	negentiende_eeuw_2847
133	Boreel van Hogelanden	2874	negentiende_eeuw_2874
134	Van Heeckeren van Wassenaer	2876	negentiende_eeuw_2876
135	Soetens van Royen	2877	negentiende_eeuw_2877
136	De Vos van Steenwijk van Voorstonden	2878	negentiende_eeuw_2878
137	Martens van Sevenhoven	2880	negentiende_eeuw_2880
138	Huydecoper van Maarsseveen	2883	negentiende_eeuw_2883
139	Van der Staal van Piershil	3097	negentiende_eeuw_3097
140	Van der Werff van Zuidland	3106	negentiende_eeuw_3106
141	Wittert van Bloemendaal	3108	negentiende_eeuw_3108
142	Van Zuylen van Nijevelt van de Ehze	3109	negentiende_eeuw_3109
143	Van Hogendorp van Hofwegen	3128	negentiende_eeuw_3128
144	Jantzon van Nieuwland	3133	negentiende_eeuw_3133
145	De Jonge van Helvoirt	3135	negentiende_eeuw_3135
146	Nahuys van Burgst	3138	negentiende_eeuw_3138
147	De Grancy van Haanwijck	3145	negentiende_eeuw_3145
148	De Smeth van Deurne	3146	negentiende_eeuw_3146
149	Trip van Zoudtlandt	3150	negentiende_eeuw_3150
150	De Voocht van het Hof te Tongelre	3154	negentiende_eeuw_3154
151	Van Weichs van Winnen van Geysteren	3156	negentiende_eeuw_3156
152	De Jonge van Campensnieuwland	3166	negentiende_eeuw_3166
153	De Jonge van Ellemeet	3167	negentiende_eeuw_3167
154	Mogge Muilman van Haamstede	3169	negentiende_eeuw_3169
155	D'Aulnis de Bourouill van Bijma	3176	negentiende_eeuw_3176
156	Polman Gruys van Garreweer	3180	negentiende_eeuw_3180
157	Van Holthe van Echten	3182	negentiende_eeuw_3182
158	Van In- en Kniphuizen van de Nienoord	3185	negentiende_eeuw_3185
159	Wijchgel van Lellens	3206	negentiende_eeuw_3206
160	Berg van Dussen-Muilkerk	3212	negentiende_eeuw_3212
161	Hoeufft van Velsen	3254	negentiende_eeuw_3254
162	Hovy van Spanderswoud	3259	negentiende_eeuw_3259
163	Huydecoper van Maarsseveen	3260	negentiende_eeuw_3260
164	Van Nellesteyn van Broekhuizen	3280	negentiende_eeuw_3280
165	Nutges van Bennebroek	3283	negentiende_eeuw_3283
166	Van Reede van Middachten	3292	negentiende_eeuw_3292
167	Rendorp van Marquette	3293	negentiende_eeuw_3293
168	Van Renesse van Wilp	3294	negentiende_eeuw_3294
169	Six van Oterleek	3298	negentiende_eeuw_3298
170	Taets van Amerongen van Woudenberg	3310	negentiende_eeuw_3310
171	Van Bredehoff de Vicq van Oosthuizen	3313	negentiende_eeuw_3313
172	Van Heiden Reinestein tot Laarwoud	3322	negentiende_eeuw_3322
173	Van Heeckeren van Kell	3350	negentiende_eeuw_3350
174	Van Lynden van Hoevelaken	3351	negentiende_eeuw_3351
175	Van Nagell tot Ampsen	3356	negentiende_eeuw_3356
176	Hora Siccama van Slochteren	3367	negentiende_eeuw_3367
177	Van Schuylenburch van Bommenede	3389	negentiende_eeuw_3389
178	Van Wassenaer van Sint Pancras	3392	negentiende_eeuw_3392
179	Canneman van de Mijle	3398	negentiende_eeuw_3398
180	Groeninx van Zoelen van Ridderkerk	3401	negentiende_eeuw_3401
181	Collot d'Escury van Heinenoord	3403	negentiende_eeuw_3403
182	Van Rhemen van Rhemenshuizen	3407	negentiende_eeuw_3407
183	Caen	3746	negentiende_eeuw_3746
184	Warin van Schonauwen	3408	negentiende_eeuw_3408
185	Donker Curtius van Tienhoven	3415	negentiende_eeuw_3415
186	Repelaer van Molenaarsgraaf	3422	negentiende_eeuw_3422
187	Röell van Hazerswoude	3429	negentiende_eeuw_3429
188	Van Hoorn van Burgh en Westland	3430	negentiende_eeuw_3430
189	Mackay van Ophemert	3449	negentiende_eeuw_3449
190	De Leonaerdts d'Achel	3454	negentiende_eeuw_3454
191	Van der Brugghen van Croy	3465	negentiende_eeuw_3465
192	Half-Wassenaer van Onsenoord	3467	negentiende_eeuw_3467
193	Van Tuyll van Serooskerken van Heeze	3470	negentiende_eeuw_3470
194	Sandberg van Essenburg	3484	negentiende_eeuw_3484
195	Van Suchtelen van de Haare	3485	negentiende_eeuw_3485
196	Bentinck van Nijenhuis	3486	negentiende_eeuw_3486
197	Sandberg van 't Laar	3491	negentiende_eeuw_3491
198	Van Rechteren van Appeltern	3495	negentiende_eeuw_3495
199	Voet van Winssen van Sevenhoven	3500	negentiende_eeuw_3500
200	Van Utenhove van Heemstede	3501	negentiende_eeuw_3501
201	Van Tuyll van Serooskerken van Coelhorst	3502	negentiende_eeuw_3502
202	Bijleveld van Serooskerke	3512	negentiende_eeuw_3512
203	Egter van Wissekerke	3513	negentiende_eeuw_3513
204	Slicher van Domburg	3514	negentiende_eeuw_3514
205	Van Reenen van Loenen	3526	negentiende_eeuw_3526
206	Van Walchren van Wadenoyen	3531	negentiende_eeuw_3531
207	Mensonides van Hensbroek	3577	negentiende_eeuw_3577
208	Schimmelpenninck van Nijenhuis	3584	negentiende_eeuw_3584
209	Van Zuylen van Nijevelt van de Ehze	3601	negentiende_eeuw_3601
210	Schuurbeque Boeye van de Haamstede	3622	negentiende_eeuw_3622
211	De Geer van Jutphaas	3630	negentiende_eeuw_3630
212	Van Tuyll van Serooskerken van Heeze en Leende	3636	negentiende_eeuw_3636
213	Van Doorn van Westkapelle	3684	negentiende_eeuw_3684
214	Gaiffier van de Velde d'Emeville	3688	negentiende_eeuw_3688
215	Van Hambroick van Weleveld	3692	negentiende_eeuw_3692
216	Van der Heim van Duivendijke	3694	negentiende_eeuw_3694
217	koning Willem III	3705	negentiende_eeuw_3705
218	koning Willem I	3706	negentiende_eeuw_3706
219	koning Willem II	3707	negentiende_eeuw_3707
220	prins Frederik	3708	negentiende_eeuw_3708
221	prins Willem	3709	negentiende_eeuw_3709
222	Van Pabst van Bingerden	3711	negentiende_eeuw_3711
223	Van Rechteren van Ahnem	3715	negentiende_eeuw_3715
224	Gericke van Herwijnen	3724	negentiende_eeuw_3724
225	Pronck Appelius	3729	negentiende_eeuw_3729
226	Brantsen van de Zijp	3742	negentiende_eeuw_3742
227	De Crombrugghe van Looringhe	3751	negentiende_eeuw_3751
228	De Gijzelaar	3760	negentiende_eeuw_3760
229	Van Goltstein van Oldenaller	3764	negentiende_eeuw_3764
230	Van der Gracht d'Eeghen	3766	negentiende_eeuw_3766
231	Hemricourt de Ramioulle	3769	negentiende_eeuw_3769
232	De Jongh van Son tot Raamsdonk	3777	negentiende_eeuw_3777
233	Schimmelpenninck van der Oye tot den Poll	3805	negentiende_eeuw_3805
234	Six van Oterleek	3808	negentiende_eeuw_3808
235	Van Wassenaer Spanbroeck	3820	negentiende_eeuw_3820
236	Van Heeckeren van Beverweerd	2745	negentiende_eeuw_2745
237	Van Dedem van de Berg	3000	negentiende_eeuw_3000
238	Del Court van Krimpen	3041	negentiende_eeuw_3041
239	Van Heeckeren van Wassenaer-Twickel	2876	negentiende_eeuw_2876
240	Wittert van Hoogland	3108	negentiende_eeuw_3108
241	De Jonge van Zwijnsbergen	3135	negentiende_eeuw_3135
242	Van Reede van Ginkel	3292	negentiende_eeuw_3292
243	Gevers van Kethel en Spaland	3823	negentiende_eeuw_3823
244	De Coninck d'Outryve	3828	negentiende_eeuw_3828
245	Bentinck van Nijenhuis	3835	negentiende_eeuw_3835
246	Verstolk van Soelen	3832	negentiende_eeuw_3832
247	Van Tets van Goudriaan	3838	negentiende_eeuw_3838
248	Bentinck van Buckhorst	3841	negentiende_eeuw_3841
249	Van der Wyck tot de Klencke	4208	negentiende_eeuw_4208
250	Van der Wyck tot de Klencke	4289	negentiende_eeuw_4289
251	De Vos van Steenwijk van den Havixhorst	4295	negentiende_eeuw_4295
252	Van Asbeck van Luilema	4297	negentiende_eeuw_4297
253	Tjarda van Starkenborgh van Wehe	4303	negentiende_eeuw_4303
254	Tjarda van Starkenborgh Stachouwer van Wehe	4313	negentiende_eeuw_4313
255	Hora Siccama van Slochteren	4316	negentiende_eeuw_4316
256	De Savornin Lohman van Zonnemaire	4320	negentiende_eeuw_4320
257	De Marees van Swinderen van Allersma	4436	negentiende_eeuw_4436
258	Beelaerts van Blokland van Oosterwijk	4587	negentiende_eeuw_4587
259	Hinlopen van Sterkenburg	4588	negentiende_eeuw_4588
260	Van Nellesteyn van Broekhuizen en Darthuizen	4589	negentiende_eeuw_4589
261	Van Collen van Gunterstein	4600	negentiende_eeuw_4600
262	Van Reede van ter Aa	4601	negentiende_eeuw_4601
263	Duuring van Oudaen en Breukelen-St. Pieter	4602	negentiende_eeuw_4602
264	Strick van Linschoten van Rijnauwen	4603	negentiende_eeuw_4603
265	Beeldsnijder van Voshol en Vrije Nes	4607	negentiende_eeuw_4607
266	Van Beusechem van Harmelen	4609	negentiende_eeuw_4609
267	Van der Brugghen van Lauwerecht	4610	negentiende_eeuw_4610
268	Van Zijll van den Ham	4613	negentiende_eeuw_4613
269	Van Nooten van Honkoop	4617	negentiende_eeuw_4617
270	Strick van Linschoten van Vlooswijk	4618	negentiende_eeuw_4618
271	Van Hardenbroek van Lockhorst	4620	negentiende_eeuw_4620
272	De Perponcher Sedlnitsky van Wolphaartsdijk	4625	negentiende_eeuw_4625
273	Utenhove van Bottestein en Amelisweerd	4626	negentiende_eeuw_4626
274	Van Reede van Athlone	4627	negentiende_eeuw_4627
275	Taets van Amerongen van Deyl	4628	negentiende_eeuw_4628
276	Taets van Amerongen van Renswoude en Emmikhuizen	4629	negentiende_eeuw_4629
277	Van Tuyll van Serooskerken van Maarssen	4630	negentiende_eeuw_4630
278	Von Derfelden van Hindersteyn	4632	negentiende_eeuw_4632
279	Taets van Amerongen van Woudenberg	4634	negentiende_eeuw_4634
280	Beelaerts van Blokland van Remmerstein	4635	negentiende_eeuw_4635
281	De Pesters van Cattenbroek	4637	negentiende_eeuw_4637
282	Van Boetzelaer van Dubbeldam	4639	negentiende_eeuw_4639
283	Van Zuylen van Nijevelt van Hinderstein	4640	negentiende_eeuw_4640
284	Van Tuyll van Serooskerken van Zuylen	4641	negentiende_eeuw_4641
285	Story van Blokland	4653	negentiende_eeuw_4653
286	Nepveu van Herlaer	4663	negentiende_eeuw_4663
287	Ram van Bottestein	4666	negentiende_eeuw_4666
288	Van der Muelen van Maarssenbroek	4667	negentiende_eeuw_4667
289	Van Hardenbroek van Hardenbroek	4675	negentiende_eeuw_4675
290	Van Hardenbroek van Lockhorst	4692	negentiende_eeuw_4692
291	De Geer van Oudegein	4700	negentiende_eeuw_4700
292	De Heus van Nyenrode	4712	negentiende_eeuw_4712
293	Bosch van Oud-Amelisweerd	4720	negentiende_eeuw_4720
294	De Muralt van Vlijmen	4721	negentiende_eeuw_4721
295	Strick van Linschoten van Nieuw-Helvoet	4603	negentiende_eeuw_4603
296	Cramer van Ootmarsum	4933	negentiende_eeuw_4933
297	Von Bönninghausen van Herinkhave	4936	negentiende_eeuw_4936
298	Blijdenstein van Enschede	4937	negentiende_eeuw_4937
299	Von Bönninghausen van de Eeshof	4941	negentiende_eeuw_4941
300	Sloet van Warmelo	4955	negentiende_eeuw_4955
301	Roessingh Udink van Singraven	4956	negentiende_eeuw_4956
302	Van Foreest van Heemse	4961	negentiende_eeuw_4961
303	Sandberg van 't Laar	4966	negentiende_eeuw_4966
304	Van der Wyck van Archem	4967	negentiende_eeuw_4967
305	Teding van Berkhout tot Hoenlo	4973	negentiende_eeuw_4973
306	Van Ittersum tot den Oosterhof	5000	negentiende_eeuw_5000
307	Van Pallandt van Eerde	5001	negentiende_eeuw_5001
308	Van Raesfelt van Elsen	5002	negentiende_eeuw_5002
309	Sloet van Tweenyenhuizen en Bredenhorst	5004	negentiende_eeuw_5004
310	Sloet van Westerholt	5006	negentiende_eeuw_5006
311	Van Haersolte tot den Doorn	5007	negentiende_eeuw_5007
312	Coninck Bentinck	5009	negentiende_eeuw_5009
313	Van Coeverden van Kampferbeek	5010	negentiende_eeuw_5010
314	Van Voërst tot Hagevoorde en Bergentheim	5014	negentiende_eeuw_5014
315	De Vos van Steenwijk van den Oldenhof	5015	negentiende_eeuw_5015
316	Mulert tot de Leemcule	5017	negentiende_eeuw_5017
317	Van Fridagh tot Rutenberg	5019	negentiende_eeuw_5019
318	Van Rechteren Limpurg van den Schulenborg	5021	negentiende_eeuw_5021
319	Bentinck tot Nijenhuis	5022	negentiende_eeuw_5022
320	Van Pallandt tot Eerde	5023	negentiende_eeuw_5023
321	De Vos van Steenwijk van Windesheim	5024	negentiende_eeuw_5024
322	Sandberg van Essenburg	5025	negentiende_eeuw_5025
323	Van Ittersum tot den Oosterhof	5026	negentiende_eeuw_5026
324	Van Knobelsdorff tot de Gelder, Krijtenberg en Scherpenzeel	5027	negentiende_eeuw_5027
325	Van Dedem tot de Rollecate	5029	negentiende_eeuw_5029
326	De Vos van Steenwijk van Abbenbroek	5035	negentiende_eeuw_5035
327	Sandberg van 't Laar	5078	negentiende_eeuw_5078
328	Van Naamen van Eemnes	5083	negentiende_eeuw_5083
329	Von Bönninghausen van Herinkhave	5090	negentiende_eeuw_5090
330	Bentinck van Schoonheten	5128	negentiende_eeuw_5128
331	Van Coeverden van Wegdam	5138	negentiende_eeuw_5138
332	Van Ittersum van Plattenburg	5000	negentiende_eeuw_5000
333	Bentinck van Buckhorst	5009	negentiende_eeuw_5009
334	Van Lanschot van Berlicum	5140	negentiende_eeuw_5140
335	Smits van Oyen	5150	negentiende_eeuw_5150
336	De Roy van Zuydewijn-Capelle	5161	negentiende_eeuw_5161
337	Verschoor van Sleeuwijk	5165	negentiende_eeuw_5165
338	Van Panhuys van Haeren	5181	negentiende_eeuw_5181
339	De Jongh van Son van Raamsdonk	5186	negentiende_eeuw_5186
340	Van Hugenpoth tot den Beerenclaauw	5187	negentiende_eeuw_5187
341	Billehé de Valensart van Leuth	5188	negentiende_eeuw_5188
342	De Geloes van Elsloo	5189	negentiende_eeuw_5189
343	Van Kretschmar van Veen	5190	negentiende_eeuw_5190
344	Van Reede van Ginkel	5192	negentiende_eeuw_5192
345	Speelman van Wulverhorst	5193	negentiende_eeuw_5193
346	Martini van Geffen	5196	negentiende_eeuw_5196
347	Wesselman van Helmond	5223	negentiende_eeuw_5223
348	Speelman van Heeswijk en Dinther	5249	negentiende_eeuw_5249
349	Verheijen van Estvelt	5265	negentiende_eeuw_5265
350	Van Dam van Hekendorp en Polanen	5285	negentiende_eeuw_5285
351	Van Reede van Doeveren	5192	negentiende_eeuw_5192
352	Thibaut van Aagtekerke	6089	negentiende_eeuw_6089
353	Van der Mandere van Ouwerkerk	6114	negentiende_eeuw_6114
354	Paspoort van Grijpskerke	6119	negentiende_eeuw_6119
355	Lambrechtsen van Ritthem	6145	negentiende_eeuw_6145
356	Moens van Blois	6151	negentiende_eeuw_6151
357	Sprenger van Duinbeek	6166	negentiende_eeuw_6166
358	Verschoor van Nisse	6173	negentiende_eeuw_6173
359	Lenshoek van Zwake	6178	negentiende_eeuw_6178
360	Steengracht van Moyland	6199	negentiende_eeuw_6199
361	De Clercq van Stavenisse	6222	negentiende_eeuw_6222
362	Mulock Houwer van Noordgouwe	6223	negentiende_eeuw_6223
363	Van Barnevelt van Noordeloos	6283	negentiende_eeuw_6283
364	Barnaart van Bergen	6289	negentiende_eeuw_6289
365	Griffioen van Waarder	6293	negentiende_eeuw_6293
366	Van Bredehoff de Vicq van Oosthuizen	6300	negentiende_eeuw_6300
367	Jantzon van Erffrenten van Capelle en Hoogeveen	6301	negentiende_eeuw_6301
368	Kwak van Zwartewaal	6306	negentiende_eeuw_6306
369	Van Tuyll van Serooskerken van Vleuten	6309	negentiende_eeuw_6309
370	Weldijk van Limmen	6310	negentiende_eeuw_6310
371	Vlielander van Rockanje	6311	negentiende_eeuw_6311
372	Van Boetzelaer van Kijfhoek	6314	negentiende_eeuw_6314
373	Diemont van Langerak	6316	negentiende_eeuw_6316
374	Gevers van Endegeest en Kethel en Spaland	6321	negentiende_eeuw_6321
375	Van Hees van Berkel	6324	negentiende_eeuw_6324
376	De Raadt van Hendrik-Ido-Ambacht	6326	negentiende_eeuw_6326
377	De Dieu Fontein Verschuir van Heiloo	6328	negentiende_eeuw_6328
378	Sandenberg Matthiessen van Petten en Nolmerban	6329	negentiende_eeuw_6329
379	Van Weel van Sommelsdijk	6331	negentiende_eeuw_6331
380	Repelaer van Spijkenisse	6333	negentiende_eeuw_6333
381	Vlielander van Nieuwenhoorn	6334	negentiende_eeuw_6334
382	Van Leyden Gael van Vlaardingen	6335	negentiende_eeuw_6335
383	Boreel van Hogelanden	6342	negentiende_eeuw_6342
384	Van Pallandt van Eerde	6345	negentiende_eeuw_6345
385	Van de Wall van Puttershoek	6356	negentiende_eeuw_6356
386	Van Boetzelaer van Dubbeldam	6357	negentiende_eeuw_6357
387	Huydecoper van Zeist	6358	negentiende_eeuw_6358
388	Steengracht van Duivenvoorde	6359	negentiende_eeuw_6359
389	Van Tets van Langerak	6381	negentiende_eeuw_6381
390	Van Kuffeler van Hoogeveen	6389	negentiende_eeuw_6389
391	Van Tets van Goudriaan	6391	negentiende_eeuw_6391
392	De Lange van Wijngaarden	6392	negentiende_eeuw_6392
393	Reepmaker van Strevelshoek	6409	negentiende_eeuw_6409
394	Van Dam van Noordeloos	6411	negentiende_eeuw_6411
395	Bachman van Schipluiden en Hodenpijl	6424	negentiende_eeuw_6424
396	Ham van Sluipwijk	6427	negentiende_eeuw_6427
397	Snouck van Loosen	3390	negentiende_eeuw_3390
398	Gevaerts van Geervliet	3050	negentiende_eeuw_3050
399	Peelen van Honswijk	3285	negentiende_eeuw_3285
400	Van Zuylen van Nijevelt van Nieuw-Beijerland	3109	negentiende_eeuw_3109
401	Maas van Zuid-Scharwoude	6453	negentiende_eeuw_6453
402	Van Naamen van Scherpenzeel	6457	negentiende_eeuw_6457
403	Hooft van Vreeland	6460	negentiende_eeuw_6460
404	Hooft van Woudenberg en Geerestein	6469	negentiende_eeuw_6469
405	Stokbroo van Hoog- en Aartswoud	6479	negentiende_eeuw_6479
406	Hoeufft van Velsen	6501	negentiende_eeuw_6501
407	Berg van Dussen-Muilkerk	6521	negentiende_eeuw_6521
408	Lette van Oostvoorne	6561	negentiende_eeuw_6561
409	Cremer van den Berch van Heemstede	6571	negentiende_eeuw_6571
410	Van Rijckevorsel van Rijsenburg	6589	negentiende_eeuw_6589
411	Rengers van Warmenhuyzen	6592	negentiende_eeuw_6592
412	Rijkee van Alblasserdam	6594	negentiende_eeuw_6594
413	Hein van Rockanje	6622	negentiende_eeuw_6622
414	Bisdom van Vliet	6639	negentiende_eeuw_6639
415	Lette van Oostvoorne	6675	negentiende_eeuw_6675
416	Van der Goes van Naters	6677	negentiende_eeuw_6677
417	Jantzon van Erffrenten van Babylonienbroek	6679	negentiende_eeuw_6679
418	Van Asbeck zu Bergen und Munsterhausen	6709	negentiende_eeuw_6709
419	Van Asbeck tot Berge en Munsterhausen	2703	negentiende_eeuw_2703
420	Bijleveld van den Ham	4598	negentiende_eeuw_4598
421	Caan van Maurick	3746	negentiende_eeuw_3746
422	Van Lynden van Hoevelaken	6967	negentiende_eeuw_6967
423	Van den Bogaerde van Terbrugge	6974	negentiende_eeuw_6974
424	Van Tuyll van Serooskerken van Vleuten	6976	negentiende_eeuw_6976
425	van Lommessem Strijthagen	7108	negentiende_eeuw_7108
426	De Liedel de Well	7126	negentiende_eeuw_7126
427	Van Riemsdijk van Gemert	7130	negentiende_eeuw_7130
428	D'Ansembourg de Neuborg	7134	negentiende_eeuw_7134
429	Kerkhoffs	7115	negentiende_eeuw_7115
430	Kerkhoffs	7166	negentiende_eeuw_7166
431	Corten van Oensel	7469	negentiende_eeuw_7469
432	Wouters van Beringen	7478	negentiende_eeuw_7478
433	Schiervel d'Altembrouck	7481	negentiende_eeuw_7481
434	De Heusch de Bombrouck	7485	negentiende_eeuw_7485
435	Clermont de Vaelshoek	7514	negentiende_eeuw_7514
436	Arazola Déonata	7515	negentiende_eeuw_7515
437	Van Erp tot Baerlo en Holt	7521	negentiende_eeuw_7521
438	Bloemaerts	7571	negentiende_eeuw_7571
439	Kerens Cadet	3458	negentiende_eeuw_3458
440	De Rosen de Haren	7575	negentiende_eeuw_7575
441	De Stenbier de Wideux	7576	negentiende_eeuw_7576
442	Van Balveren van Leur	7582	negentiende_eeuw_7582
443	Van der Borch van Vorden	7583	negentiende_eeuw_7583
444	Van Brakell tot den Brakell en Vredestein	3358	negentiende_eeuw_3358
445	Van Bylandt van Mariënweerd	7584	negentiende_eeuw_7584
446	Van Eck van Vieracker en Ommershof	2923	negentiende_eeuw_2923
447	Van Heeckeren van Overlaer	7586	negentiende_eeuw_7586
448	D'Isendoorn à Blois van Cannenburg	7587	negentiende_eeuw_7587
449	Van Nagell van Wisch	7589	negentiende_eeuw_7589
450	Van Neukirchen genaamd Nyvenheim tot Eck en Wiel	7590	negentiende_eeuw_7590
451	Van Rouwenoort van Ulenpas	7591	negentiende_eeuw_7591
452	Schimmelpenninck van der Oye van de Poll	7592	negentiende_eeuw_7592
453	Van Spaen van Hulshorst	2955	negentiende_eeuw_2955
454	Van Heeckeren van Overlaer	7593	negentiende_eeuw_7593
455	Van Heeckeren van Oldoolde	7593	negentiende_eeuw_7593
456	Van Pallandt van Eerde	7596	negentiende_eeuw_7596
457	Van Heeckeren van Molecaten	7599	negentiende_eeuw_7599
458	Van Heeckeren van Marhulsen	7601	negentiende_eeuw_7601
459	Van Heeckeren van de Cloese	7602	negentiende_eeuw_7602
460	Van Eck van Overbeek	7604	negentiende_eeuw_7604
461	Van Lynden van Hemmen	7605	negentiende_eeuw_7605
462	Van Haersolte van Staverden	7606	negentiende_eeuw_7606
463	Van Heeckeren van de Beurze	2746	negentiende_eeuw_2746
464	Van Zuylen van Nievelt van den Brielert	7607	negentiende_eeuw_7607
465	Reint Willem van Middachten	3014	negentiende_eeuw_3014
466	Elders J.H.	3114	negentiende_eeuw_3114
467	Van Pallandt van Barlham	7608	negentiende_eeuw_7608
468	Van Pallandt van Keppel	7608	negentiende_eeuw_7608
469	Van Pallandt van Waardenburg en Neerijnen	7608	negentiende_eeuw_7608
470	Van Bylandt van Mariënwaerd	7611	negentiende_eeuw_7611
471	Van Wassenaer van Katwijk	7613	negentiende_eeuw_7613
472	Van Ranzow van Meinerswijk	7614	negentiende_eeuw_7614
473	Torck van Rosendael	7617	negentiende_eeuw_7617
474	Van der Heyden van Doornenburg en Suideras	7618	negentiende_eeuw_7618
475	Van Pallandt van Oud-Beyerland	7620	negentiende_eeuw_7620
476	Van Balveren van Echteld en Leur	7621	negentiende_eeuw_7621
477	Van Nagell van Wisch	7622	negentiende_eeuw_7622
478	Van Zuylen van Nievelt van de Schaffelaar	7624	negentiende_eeuw_7624
479	Van Voorst tot Voorst en Ploen	7625	negentiende_eeuw_7625
480	Van Brakell van Wadenoyen en Doorwerth	7626	negentiende_eeuw_7626
481	Van Heeckeren van de Wiersse	7627	negentiende_eeuw_7627
482	Sloet van Zwanenburg	7631	negentiende_eeuw_7631
483	Van Kretschmar van Veen	7632	negentiende_eeuw_7632
484	Van Randwijck van Rossum	7634	negentiende_eeuw_7634
485	De Vos van Steenwijk genaamd van Essen van Abbenbroek	7638	negentiende_eeuw_7638
486	Van Wijnbergen van Bussloo	7639	negentiende_eeuw_7639
487	Van Schuylenburch van den Ulenpas	7640	negentiende_eeuw_7640
488	Mollerus van Westkerke en Wulpendaal	7642	negentiende_eeuw_7642
489	Brantsen van de Zijp	7651	negentiende_eeuw_7651
490	Van Pallandt van Westervoort	7655	negentiende_eeuw_7655
491	Van Coeverden van Putten en den Schuylenburg	7668	negentiende_eeuw_7668
492	Van Hasselt van Empe	7710	negentiende_eeuw_7710
493	Sloet van de Beele	7712	negentiende_eeuw_7712
494	Boesses van Leeuwen en Puiflijk	7716	negentiende_eeuw_7716
495	Engelen van 't Celle	7718	negentiende_eeuw_7718
496	Vermeulen van 't Munnikeland	7721	negentiende_eeuw_7721
497	Van Brakell van Geldermalsen	7722	negentiende_eeuw_7722
498	Bouwens van Horssen	7724	negentiende_eeuw_7724
499	Sloet van Diepenbroeck en Sinderen	7725	negentiende_eeuw_7725
500	Van Heeckeren van Molecaten	7727	negentiende_eeuw_7727
501	Van Meurs van Hulshorst	2837	negentiende_eeuw_2837
502	Van Rhemen van Rhemenshuizen en de Geldersche Toren	2950	negentiende_eeuw_2950
503	Sloet tot Oldhuis van de Beele	7738	negentiende_eeuw_7738
504	Brantsen van Rhederoord	7744	negentiende_eeuw_7744
505	Van der Borch van den Ulenpas	7745	negentiende_eeuw_7745
506	Van der Borch tot Helbergen	7745	negentiende_eeuw_7745
507	Van der Borch van Vorden	7748	negentiende_eeuw_7748
508	Van Pallandt van Walfort en Klarenbeek	7753	negentiende_eeuw_7753
509	Van Heeckeren van Marhulsen	7758	negentiende_eeuw_7758
510	Van Nispen van Velde	7763	negentiende_eeuw_7763
511	De Nerée van Babberich	7766	negentiende_eeuw_7766
512	De Nerée van Babberich	7768	negentiende_eeuw_7768
513	Van Westerholt van Hackfort	7782	negentiende_eeuw_7782
514	Van den Steen van Wadestein	2958	negentiende_eeuw_2958
515	Van Barneveld van Meteren en Geldermalsen	7793	negentiende_eeuw_7793
516	Van Nagell van Ampsen	7814	negentiende_eeuw_7814
517	Van Scherpenzeel Heusch van Dreumel en Oosterhout	7781	negentiende_eeuw_7781
518	Viruly van Vuren en Dalem	7838	negentiende_eeuw_7838
519	Van Wassenaer van Catwijck	7842	negentiende_eeuw_7842
520	Six tot Oterleek	7905	negentiende_eeuw_7905
521	Evertz	3969	negentiende_eeuw_3969
522	Sweerts de Landas van Oirschot	2697	negentiende_eeuw_2697
523	Repelaer van Valkenswaard	6333	negentiende_eeuw_6333
524	De Sandra Veldtman van Slochteren	4352	negentiende_eeuw_4352
525	Hendrik Jansz. Mossel van Stralen	2812	negentiende_eeuw_2812
526	Van Pallandt tot Beerse	2790	negentiende_eeuw_2790
527	Van Gennip	2736	negentiende_eeuw_2736
528	Nagell	2940	negentiende_eeuw_2940
529	Van Pallandt van Barlham	2945	negentiende_eeuw_2945
530	Pierre Hofstede	3181	negentiende_eeuw_3181
531	Kijmmel	3188	negentiende_eeuw_3188
532	De Vos van Steenwijk tot Havoxhorst	3205	negentiende_eeuw_3205
533	Gaschard	3368	negentiende_eeuw_3368
534	Van Gobbelschroy van Spoelbeeck	3824	negentiende_eeuw_3824
535	Arend Jacob Drabbe	3936	negentiende_eeuw_3936
536	A.J.F. van Galen	4106	negentiende_eeuw_4106
537	Muentz	3904	negentiende_eeuw_3904
538	Sijpkens	3913	negentiende_eeuw_3913
539	Slingenburg	4213	negentiende_eeuw_4213
540	Van Limburg Stirum van de Wildenborch	4304	negentiende_eeuw_4304
541	Eppo Cremers	4323	negentiende_eeuw_4323
542	Verhousen	5155	negentiende_eeuw_5155
543	Linsen de Jonge	5221	negentiende_eeuw_5221
544	Van Kinsbergen van Doggersbank	7598	negentiende_eeuw_7598
545	Aaldert Schouten	7779	negentiende_eeuw_7779
546	Borssele van der Hooghe	6092	negentiende_eeuw_6092
547	Sloet tot Lindenhorst	3021	negentiende_eeuw_3021
548	Lamoraal Johan Joachim Rengers	2984	negentiende_eeuw_2984
549	Hans Hendrik Boreel van Haersma	3244	negentiende_eeuw_3244
0	D'Estruemont	474	me_474
1	Gerrit van Gronsselt	481	me_481
2	Richard Rengher	515	me_515
3	Adrian de Roubais	519	me_519
4	Louis Veury	536	me_536
5	Tielman van Dulken	6	me_6
6	Dirk van Utrecht	662	me_662
7	Arend Boonenburch	683	me_683
8	Viglius	243	me_243
9	Simon d'Amont	330	me_330
10	Casper Lievensz. van Hoochlande	370	me_370
11	Heyme van de Ketel	12	me_12
12	Guiset	1001	me_1001
13	Komen	718	me_718
14	Schagen	1040	me_1040
15	Leoninus	1217	me_1217
16	Beka	435	me_435
17	Honsteyn	683	me_683
18	Casparus de Terra Alta	370	me_370
19	Simon du Mont	330	me_330
20	Simon de Mons	330	me_330
21	Longolius	1217	me_1217
22	Tielman van Dullekem	6	me_6
23	Jan Jelis	656	me_656
24	Gerrit van Gronselle	481	me_481
25	Gerard van Gronselle	482	me_482
26	Grusset	1001	me_1001
27	Jean Louis de Mocheron	504	me_504
28	Gerard Milert	505	me_505
29	Richard Renigher	515	me_515
30	Platea	527	me_527
31	Johan Wordt	665	me_665
32	Louis Vary	536	me_536
33	Louis Pori	536	me_536
34	Viglius Zuichemus ab Aytta	243	me_243
35	Johan van Darth	673	me_673
36	Leonard Stalberg	670	me_670
37	Dirk van Weer	746	me_746
38	Gerrit van den Zijl	622	me_622
39	Vossius	965	me_965
40	Van Middelburg	472	me_472
41	Grudius	280	me_280
42	Wieger Aytta van Swichum	243	me_243
43	Andrieu de la Croix	565	me_565
44	Oostervant	542	me_542
45	Grandpré	629	me_629
46	Christophe Dassonville	350	me_350
47	Jacob Bossaert van Belle	552	me_552
48	Jan van der Bouverien	443	me_443
49	Roelof de Brouxelles	447	me_447
50	Frans Coebel van der Loo	956	me_956
51	Filips bastaard van Brabant	463	me_463
52	Antoon van Bergen	1342	me_1342
53	Dismas van Bergen	436	me_436
54	Hendrik van Bergen	437	me_437
55	Jan van Bergen	346	me_346
56	Jan van Bergen	348	me_348
57	Grandpré	549	me_549
58	Humbercourt	694	me_694
59	Roeulx	251	me_251
60	Chimay	455	me_455
61	Aarschot	248	me_248
62	Aarschot	255	me_255
63	Roeulx	356	me_356
64	Aarschot	252	me_252
65	Engelbert van den Dalle	464	me_464
66	Buren	362	me_362
67	Nicolas Nicolai	280	me_280
68	Everard Everaerts	327	me_327
69	Louis du Chesne	618	me_618
70	Boussu	344	me_344
71	Boussu	424	me_424
72	Bossu	344	me_344
73	Bossu	424	me_424
74	Casparus Levini Hogelandius	370	me_370
75	Marets	318	me_318
76	Hoogstraten	130	me_130
77	Gavere	247	me_247
78	Jean de Masuny	970	me_970
79	Thomas Bokelaer	1	me_1
80	Regius	1467	me_1467
81	Lodewijk van Gruuthuse	446	me_446
82	Lodewijk van Gruythuyse	446	me_446
83	Winchester	446	me_446
84	Meindert Klaasz. van Haarlem	636	me_636
85	Floris Paedzen van Leiden	643	me_643
86	Mercurino Arborio	476	me_476
87	NIeuwenaar	425	me_425
88	Antoine Montjeu	1123	me_1123
89	Horn	253	me_253
90	Hoorne	253	me_253
91	Hachicourt	266	me_266
92	René van Nassau	110	me_110
93	Johan van Nassau-Katzenelnbogen	695	me_695
94	Nicolaas Nicolai	472	me_472
95	Grudius	109	me_109
96	Nicolaas Everaerts	109	me_109
97	Floris Paedzensz.	643	me_643
98	Granvelle	347	me_347
99	Bucquoy	1345	me_1345
100	Jean de Cortewille	461	me_461
101	Granvelle	1474	me_1474
102	Neufville	257	me_257
103	Jan van de Werve	582	me_582
104	Bengaert Scay	551	me_551
105	Scepperus	322	me_322
106	Filips van der Spaengen	1130	me_1130
107	Glajon	345	me_345
108	Lodewijk van Bloys	626	me_626
109	Bartholomeus van der Zeuge	1062	me_1062
110	Rassenghien	256	me_256
111	Praat	113	me_113
112	Chrétien de Weert	73	me_73
113	Banjaart Scey	551	me_551
114	Boudewijn van Zweeten	600	me_600
115	Dirk van Zweeten	575	me_575
116	Dirk van Zweeten	646	me_646
117	Boudijn van Swieten	600	me_600
118	Dirk van Swieten	646	me_646
119	Dirk van Swieten	575	me_575
120	Hugo van Swieten	603	me_603
121	Jan Bouwensz.	562	me_562
122	Grote Prior	1504	me_1504
123	Wouter Jansz. van Zierikzee	596	me_596
124	Jean Peeters	508	me_508
125	Josse Laureys	492	me_492
126	Josse Lauwreys	492	me_492
127	Louis Velaire	981	me_981
128	Jean Coomans	1307	me_1307
129	Jean van der Gherst	991	me_991
130	Roussel	1105	me_1105
131	Le Bontechou	1104	me_1104
132	Humbercourt	1124	me_1124
133	Jean de Geuly	490	me_490
134	Artur de Bourbon	1540	me_1540
135	Lienart de Potes	1542	me_1542
136	Guillaume le Gros	483	me_483
137	Rogier	515	me_515
138	Arnoud Bogaert	439	me_439
139	Buren	369	me_369
140	Beveren	1340	me_1340
141	Sempy	1341	me_1341
142	Molenbaix	246	me_246
143	Montbarrey	242	me_242
144	Ressegem	256	me_256
145	Havré	355	me_355
146	Hierges	357	me_357
147	Bellem	338	me_338
148	Stefaan Brants	302	me_302
149	Courteville	1457	me_1457
150	Leonard Herdinck	293	me_293
151	Piramyus	295	me_295
152	Stratius	650	me_650
153	Frederik van Keppel tot Verwolde	657	me_657
154	Jacob Pieck van IJzendoorn	653	me_653
155	Evert van Heeckeren tot Nettelhorst	664	me_664
156	Adolf van Goer tot Caldenbroeck	677	me_677
157	Hendrik in den Hoorn	380	me_380
158	Radelantius	414	me_414
159	Humpius van Emden	399	me_399
160	Joannes Carolus	1007	me_1007
161	Hette van Hoxwier	372	me_372
162	Van Boucamp	442	me_442
163	Bousani	444	me_444
164	Cornelis Bouwin	5	me_5
165	Corneille de Muenincx	985	me_985
166	Antoine de Branchion	1325	me_1325
167	Pierre de Breuil	969	me_969
168	Montanus	407	me_407
169	Adriaan Sandelijn	126	me_126
170	Heiman van Mierop van de Ketel	12	me_12
171	Antoine Michiel	601	me_601
172	Cornelis Neostadius	86	me_86
173	Louis de Back	432	me_432
174	Louis de Vacq	432	me_432
175	Peter van Apeldoren	666	me_666
176	Peter van Appeldoren	666	me_666
177	Rubais	519	me_519
178	Jacob van Abcoude	631	me_631
179	François de Berch	990	me_990
180	Willem (van der) Cryp	909	me_909
181	De Sancto Petro	11	me_11
182	Bartold van Bassen genaamd Ernst	59	me_59
183	Thomas Boickelaer	1	me_1
184	Barthélemi le Febvre	1102	me_1102
185	Gillis de Caboeter	553	me_553
186	Cornelis Jansz.	578	me_578
187	Diderich von Westrom zu Langendonck	1223	me_1223
188	Druittius	992	me_992
189	Filips Duclert	784	me_784
190	Tielman van Dullekin	6	me_6
191	Eerst van Ysendoren	398	me_398
192	Jan Gelis	656	me_656
193	Bartholt van Gendt	676	me_676
194	Willem van Gendt	669	me_669
195	George Rataleur	374	me_374
196	George Voeth	678	me_678
197	Gerard Muylaert	505	me_505
198	Ghillam Scryvers	389	me_389
199	Jacques de Gradebault	478	me_478
200	Gerard van Gronsselt	482	me_482
201	Jean Guillet	477	me_477
202	Hendrikse	115	me_115
203	Haio Hompius	399	me_399
204	Hopperus	335	me_335
205	Jacques Muysart	977	me_977
206	Jan Bruyninck	328	me_328
207	Jean Baers	971	me_971
208	Jean Baptiste Berty	284	me_284
209	Jelis Pieck	687	me_687
210	Jean Jonnet	479	me_479
211	Joris Themsicke	320	me_320
212	Josse Cranevelt	655	me_655
213	Josse Kevin	513	me_513
214	Lanchals	395	me_395
215	Philippe le Febre	988	me_988
216	Filips le Noir	323	me_323
217	Jeronimus Lettyn	659	me_659
218	Pierre de Longneu	496	me_496
219	Arend van Zevenbergen	616	me_616
220	Louis van Beughem	384	me_384
221	Loys Rataller	22	me_22
222	Fernand de Lucerne	497	me_497
223	Tristam de Lucerne	498	me_498
224	Manke Jan	614	me_614
225	Guillaume le Marquis	499	me_499
226	Martinus de Narden	371	me_371
227	Pierre de Mettenci	500	me_500
228	Willem van Zaanden	570	me_570
229	Middelburg	1322	me_1322
230	Jean Louis de Moucheron	504	me_504
231	Jan van der Staten	527	me_527
232	Jan Stoop	864	me_864
233	Gossuin le Sauvage	539	me_539
234	Johan Urd	665	me_665
235	Johan van Niel	672	me_672
236	Jean le Sauvage	525	me_525
237	Jan van Bergen	973	me_973
238	Dirk van Leiden	236	me_236
239	Renesse	1027	me_1027
240	Reyer van der Does	17	me_17
241	Hayo Riperdorn	660	me_660
242	Jacques de Roeck	520	me_520
243	Jean Rousseau	521	me_521
244	Jan Engelsz. van Lezanen	907	me_907
245	Johan Stalborch	658	me_658
246	Hadrianus Marius	401	me_401
247	Colaert van Comene	718	me_718
248	Jan van den Berch	420	me_420
249	Hendrik Lottemsz. van Zeelem	862	me_862
250	Noircarmes	254	me_254
251	Willem van Alkmaar	71	me_71
252	Thierry Jansz. van Woerden	1483	me_1483
253	Wulven	408	me_408
254	Zosius	379	me_379
255	Dionys van Wesenhagen	668	me_668
0	Bernardus Bucho Aytta	4	divperioden_4
1	Mamma Eponis	5	divperioden_5
2	Renik Eminga	6	divperioden_6
3	Schelte Tjaerda	7	divperioden_7
4	Tako Heemstra	8	divperioden_8
5	Benedictus Heris	10	divperioden_10
6	Dietrich von Witzleben zu Wendelstein	15	divperioden_15
7	Günther von Bünau zu Elsterberg und Christgrün	22	divperioden_22
8	Casper Ziegler zu Gauernitz und Taubenheim	24	divperioden_24
9	Otto Pflug zu Strehla und Lamperswalde	26	divperioden_26
10	Seifard von Lüttichau zu Kmehlen und Ortrand	29	divperioden_29
11	Veit von Drachsdorf zu Osterau	32	divperioden_32
12	Goslik Jongema	39	divperioden_39
13	Sytthie Aylva	56	divperioden_56
14	Gregorius van Aken	59	divperioden_59
15	Haio Hompius	62	divperioden_62
16	Hette van Hoxwier	70	divperioden_70
17	Jacob Rousseau	71	divperioden_71
18	Alexius van Harderwijck	73	divperioden_73
19	Valerius van Ockinga	75	divperioden_75
20	Wilhelmus van der Linden	86	divperioden_86
21	Joannes Carolus	95	divperioden_95
22	Juw van Dekema	96	divperioden_96
23	Karel Nicolai	100	divperioden_100
24	Jurgien Godefridi	116	divperioden_116
25	Sjoerd Hania	124	divperioden_124
26	Meyne Lyckles Nijeholpada	118	divperioden_118
27	Homerus van Harinxma	143	divperioden_143
28	Theodorus Saeckma	148	divperioden_148
29	Gerlich Doys thoe Nieuwland	172	divperioden_172
30	Philippus Aebinga van Humalda	173	divperioden_173
31	Godschalk van Knijff	191	divperioden_191
32	Hendrik Johan Schultens	198	divperioden_198
33	Boccatius Hoppers	252	divperioden_252
34	Jan Huybertsz. Cath	368	divperioden_368
35	Syds van Donia	381	divperioden_381
36	Jurg Georg van Burmania	208	divperioden_208
37	Sapheus Hiemstra	466	divperioden_466
38	Schelto van Hiemstra	468	divperioden_468
39	Schelto van Hiemstra	467	divperioden_467
40	Sixtus a Decama	376	divperioden_376
41	Horatius Meinsma	637	divperioden_637
42	Dirck Sipperds Ennes	389	divperioden_389
43	Idzard van Douma	384	divperioden_384
44	Stanzius, Theodorus	800	divperioden_800
45	Arnoldus van Haersma	434	divperioden_434
46	Adam van Eysinga	132	divperioden_132
47	Frederick van Epema	709	divperioden_709
48	Pieter Wopkesz. Cromwal	754	divperioden_754
49	Pieter van Jongestal	146	divperioden_146
50	Rintze van Andringa	287	divperioden_287
51	Rinso van Andringa	287	divperioden_287
52	Anchises van Andla	283	divperioden_283
53	Ulpianus ab Aylva	311	divperioden_311
54	Adrianus Bergsma	558	divperioden_558
55	Suffridus van Boelens	256	divperioden_256
56	Tarquinius van Boelens	330	divperioden_330
57	Allart van Burum	362	divperioden_362
58	Valerius Camminga	364	divperioden_364
59	Erasmus van Douma	384	divperioden_384
60	Pytter van Eysinga	396	divperioden_396
61	Dirck Foegelsangh	407	divperioden_407
62	Theodorus Fogelsangh	407	divperioden_407
63	Valerius van Glinstra	421	divperioden_421
64	Julius van Harinxma	460	divperioden_460
65	Tjerck van Heerma	471	divperioden_471
66	Duco van Hemmema	473	divperioden_473
67	Dominicus ab Hottinga	481	divperioden_481
68	Meynte van Idsaerda	490	divperioden_490
69	Rembertus Syrcxma	499	divperioden_499
70	Ritske van Ringia	505	divperioden_505
71	Agge van Walta	506	divperioden_506
72	Frederick van Vervou van Martenahuis	511	divperioden_511
73	Pieter van Waltha	514	divperioden_514
74	Rinco van Burmania	515	divperioden_515
75	Eyse Lycklama	519	divperioden_519
76	Arent Julianus de Beere	570	divperioden_570
77	Hans Hendrik Boreel van Haersma	575	divperioden_575
78	Willem August Sirtema van Grovestins	581	divperioden_581
79	Eiso van Lycklama	519	divperioden_519
80	Hans van Lycklama	627	divperioden_627
81	Doecke van Martena	635	divperioden_635
82	Scipio van Meckema	636	divperioden_636
83	Lamoraal Johan Joachim Rengers	657	divperioden_657
84	Andries Doedes	673	divperioden_673
85	Sicco Meckema van Aylva	698	divperioden_698
86	Scipio Meckema van Aylva	698	divperioden_698
87	Ernst van Doenija	710	divperioden_710
88	Lodewijck van Ockinga	714	divperioden_714
89	Bocco van Burmania	719	divperioden_719
90	Hotze van Aysma	731	divperioden_731
91	Hotthie van Aysma	731	divperioden_731
92	Douwe Sytsma	807	divperioden_807
93	Douwe van Unia	820	divperioden_820
94	Abram van Venema	902	divperioden_902
95	Georg Sigismund van Hiemstra	465	divperioden_465
96	Jelle Bruininga	341	divperioden_341
97	Hartius Iepema	157	divperioden_157
98	Saco van Idsinga	488	divperioden_488
99	Bartholomeus van Nijsten	641	divperioden_641
100	Willem Hendrick van Hiemstra	469	divperioden_469
101	Carel Georg van Wassenaer Twickel	564	divperioden_564
102	Titus van Hania	1024	divperioden_1024
103	Sape van Wissema	841	divperioden_841
104	Suffridus Saeckma	852	divperioden_852
105	Zidzie van Aylva	56	divperioden_56
106	Theodorus van Scheltinga	162	divperioden_162
107	Sixtus Anthonius van Galama	900	divperioden_900
108	Augustinus Lycklama à Nijeholt	955	divperioden_955
109	Ritske van Rengia	505	divperioden_505
110	Taco van Burmania	509	divperioden_509
111	Christoffel Arentsma	272	divperioden_272
112	Jan Nanningsz.	512	divperioden_512
113	Frederick van Inthema	491	divperioden_491
114	Jelte van Eysinga	501	divperioden_501
115	Frederik Schuirmans	876	divperioden_876
116	Johan Abraham Schuirmans	545	divperioden_545
117	Epo van Bootsma	699	divperioden_699
118	Epo van Aylva	297	divperioden_297
119	Ausonius Aijsma	1080	divperioden_1080
120	Rienk Atsma	292	divperioden_292
121	Johannes Culenburg	375	divperioden_375
122	Wilhelmus van Velsen	508	divperioden_508
123	Jelle Bruinga	341	divperioden_341
124	Tarquinius van Boelens	1087	divperioden_1087
125	Juw van Bottinga	51	divperioden_51
126	Pytter Edzard Mockema van Harinxma thoe Sloten	463	divperioden_463
127	Aemilius van Oenema	847	divperioden_847
128	Feycke Tetmans	732	divperioden_732
129	Johannes ter Wisga	840	divperioden_840
130	Pieter Beerent van Wijdenbrugh	1117	divperioden_1117
131	Pieter Beerent van Widenbrug	1117	divperioden_1117
132	Douwe van Botnia	346	divperioden_346
133	Worp Jessens	738	divperioden_738
134	Worp Tjessens	738	divperioden_738
135	Dierck Thijssens	744	divperioden_744
136	Hero Viarda	772	divperioden_772
137	Rombertus Siercksma	499	divperioden_499
138	Ipe van Bootsma	1140	divperioden_1140
139	Gijsbert van Arentsma	1030	divperioden_1030
140	Joachim Gerardi	1144	divperioden_1144
141	Ruurt Bauts	1153	divperioden_1153
142	Syds van Scheltema	762	divperioden_762
143	Juw van Eysinga	1142	divperioden_1142
144	Edo van Eysinga	392	divperioden_392
145	Sicco van Aylva	300	divperioden_300
146	Aduard van Reynalda	660	divperioden_660
147	Van der Haer van Campensnieuwland	431	divperioden_431
148	Van Schuylenburch van Bommenede	578	divperioden_578
149	Van Aylva van Waardenburg en Neerijnen	572	divperioden_572
150	Van Haersma van Nederhorst den Berg	575	divperioden_575
151	Theotardus van Heloma	944	divperioden_944
152	Dirk van Utrecht	81	divperioden_81
153	Humpius van Emden	62	divperioden_62
154	Gerard Muylaert	45	divperioden_45
155	Gerard Milert	45	divperioden_45
156	Martinus de Narden	57	divperioden_57
157	Everard Everaerts	58	divperioden_58
158	Jacobus van Botnia	334	divperioden_334
159	Epo van Douwma	382	divperioden_382
160	Fritz von Grumbach zu Eschefeld	37	divperioden_37
161	Egbert Annes Idtskema	493	divperioden_493
162	Ipe van Juckema	504	divperioden_504
163	Jelle van Jongestal	135	divperioden_135
164	Julius van Botnia	51	divperioden_51
165	Johan Rotaller	44	divperioden_44
166	Petrus Wiardi	9	divperioden_9
167	Van Hambroick van Weleveld	449	divperioden_449
0	Pieter Claesz. Seylemaecker	1264	republiek_1264
1	Cornelis Thomasz. Sevenhuijsen	1272	republiek_1272
2	Thijman Osdorp	567	republiek_567
3	Sebastiaen Egberti	787	republiek_787
4	Gerard Adriaensz. Koel	931	republiek_931
5	Jan Maertsz.	1129	republiek_1129
6	Dirk Dirksz. Ben	1137	republiek_1137
7	Albert Borritsz.	1138	republiek_1138
8	Johan d'Edel	408	republiek_408
9	Jacob van der Meer	915	republiek_915
10	Cornelis Tetrode van Weesp	857	republiek_857
11	Jan Jansz. Secretaris	1214	republiek_1214
12	Cornelis Jansz. du Bois	1215	republiek_1215
13	Cornelis Jacobsz. Everhardt	1211	republiek_1211
14	Willem Jacobsz. Brassen	1017	republiek_1017
15	Johan van Duvenvoirde (vóór 1600)	188	republiek_188
16	Nicolaus Bulius	1043	republiek_1043
17	Pouwels Claesz. Haring	1283	republiek_1283
18	Hendrik Jansz. Snouck	971	republiek_971
19	Henrick Melisz. Coppens	1222	republiek_1222
20	Adriaen Dircxz. Jong(e)	1604	republiek_1604
21	Anthony Leemans	1005	republiek_1005
22	Francois Pietersz. Maekschoon	1128	republiek_1128
23	Brienen Manchon	970	republiek_970
24	Claas Jansz. 't Hoen	1595	republiek_1595
25	Gerard Pietersz. Twisch	1149	republiek_1149
26	Engbert Engbertsz. Versteegh	958	republiek_958
27	Joan Schott	431	republiek_431
28	Aelbrecht van der Graaff	412	republiek_412
29	Claes Jacobsz. Simonsz.	1055	republiek_1055
30	Nicolaas le Febre	1741	republiek_1741
31	Johan van Wassenaer	1686	republiek_1686
32	Thomas van de Nieuburg	1268	republiek_1268
33	Franco de Vree	889	republiek_889
34	Wilhem Bardesius	1965	republiek_1965
35	Rutger Wessel van den Boetzelaer	1335	republiek_1335
36	Johan Claasz. Dirout	982	republiek_982
37	Hans Colterman	1717	republiek_1717
38	Pieter van Blankenbort	1317	republiek_1317
39	Gerard Hoeufft	2042	republiek_2042
40	Capiteyn Vinck	2089	republiek_2089
41	Adriaen Pietersz. van Vlaerdingen	2092	republiek_2092
42	Oom Jan Pietersz.	2128	republiek_2128
43	Jacob Pietersz. Muusses	2131	republiek_2131
44	Jacob Pietersz. Meuwisz.	2131	republiek_2131
45	Bertram Philip Sigismund Albrecht graaf van Gronsfeld Diepenbroick Impel	2022	republiek_2022
46	Willem Jacobsz. Brassaert	1017	republiek_1017
47	Willem Reyersz. Kievit	2177	republiek_2177
48	Michiel Michielsz. Feltron	2336	republiek_2336
49	Wenceslaus van den Boetzelaer	1335	republiek_1335
50	Wouter Jacobsz. Scherf	2007	republiek_2007
51	Adriaen Cornelisz. Stockman	2352	republiek_2352
52	Johan Swinnes	2391	republiek_2391
53	Johan Swijsnas	2391	republiek_2391
54	Cornelis Tymonsz. Schipper	2357	republiek_2357
55	Claes Jacobsz. Haringcarspel	2355	republiek_2355
56	Jacob Claesz. Haringcarspel	2401	republiek_2401
57	Jacob Schoen	1051	republiek_1051
58	Jan Cornelisz. Schellinger	2310	republiek_2310
59	Jan Teen	2309	republiek_2309
60	Jan Tedijn	2309	republiek_2309
61	Jan Symonsz. Soutman	2311	republiek_2311
62	Willem Jansz. Swan	2000	republiek_2000
63	Jan Cornelisz. Schipper	2310	republiek_2310
64	Dirck Heyndricksz. Dyckgraeff	2493	republiek_2493
65	Gerard Fladderack	2463	republiek_2463
66	Jacob Josias Wybout	454	republiek_454
67	Symon Cornelisz. Hugens	2361	republiek_2361
68	Diederik Diederiksz. 't Hooft	1796	republiek_1796
69	Diederik Diederiksz. Theuft	1796	republiek_1796
70	Johan Eliasz. van Loo	2449	republiek_2449
71	Louis Huriblock	2188	republiek_2188
72	Jacob Pauli	2706	republiek_2706
73	Adriaen de Jongh	1646	republiek_1646
74	Cornelis de Neyn	1818	republiek_1818
75	Franchois Regius	2785	republiek_2785
76	Dirk Thierry Jansz. van Woerden	2787	republiek_2787
77	Evert de Neyn	1825	republiek_1825
78	Geraart Montaigne	1635	republiek_1635
79	Cornelis Neostadius	1682	republiek_1682
80	Dirk van de Nieuburg	1625	republiek_1625
81	Frederik Harmens	1634	republiek_1634
82	Jan Arnold Ludolf Mulert tot Baeckenhagen	3520	republiek_3520
83	Arent Hendrik ten Oever	3362	republiek_3362
84	Arent van Lauwick	3379	republiek_3379
85	Ernst van der Ceurbeecke	3538	republiek_3538
86	Jan Gijsbert Reinder Opten Noort	3550	republiek_3550
87	Jan Veen	3593	republiek_3593
88	Diederik van Romond	3605	republiek_3605
89	Pieter Derk Golts	3409	republiek_3409
90	Rutger van Haersolte tot Toutenburg	3655	republiek_3655
91	Rutger van Haersolte tot Hoenlo	3656	republiek_3656
92	Roelof van Hoevel tot Nijenhuis	3681	republiek_3681
93	Arend Veen	3686	republiek_3686
94	Johan Everhard Adolf van Rechteren tot de Eze	3695	republiek_3695
95	Lodewijk Arend Gansneb genaamd Tengnagel tot Oldhuis	3519	republiek_3519
96	Lodewijk Arend Gansneb genaamd Tengnagel tot Oldenhof	3519	republiek_3519
97	Gijsbert Kuijper	3295	republiek_3295
98	Jan van Schrick	3292	republiek_3292
99	Bartold ter Barhurst	3540	republiek_3540
100	Theymen Vrieze	3598	republiek_3598
101	Diederich van Willig tot Oldenhof	3636	republiek_3636
102	Carl Philip Crafft van Huffel van Neÿwindeck	3517	republiek_3517
103	Adolf Carel Bentinck tot Nijenhuis	3717	republiek_3717
104	Borchard Amelis van Coeverden tot Hengelo	3720	republiek_3720
105	Georg Otto von Munchausen tot Oldemeule	3721	republiek_3721
106	Jan Zeger Sloet tot Grimberg	3723	republiek_3723
107	Johan van Echten tot Olduitenborgh	3724	republiek_3724
108	Boldewijn Sloet tot Lindenhorst	3366	republiek_3366
109	Rutger van Haersolte tot Paaslo	3655	republiek_3655
110	Hendrik van Isselmuden tot Hogenhuys	3371	republiek_3371
111	Philip Gerrit van Echten tot Oldruitenborgh	3661	republiek_3661
112	Sloet tot Lindenhorst	3735	republiek_3735
113	Christoffel Hendriksz. Grauweijck	3747	republiek_3747
114	Engbert Claasz. Engberts	3591	republiek_3591
115	Marten Albertsz. Martens	3340	republiek_3340
116	Johan Louwensz. Buijs	3755	republiek_3755
117	Hendrik Crachtsz. Stuirman	3760	republiek_3760
118	Dirk Hendriksz. Vrese	3682	republiek_3682
119	Otto van Bijssel	3762	republiek_3762
120	Herman Ewouts	3779	republiek_3779
121	Herman ter Beecke	3739	republiek_3739
122	Erasmus van Romondt	3607	republiek_3607
123	Alexander Wijdenbrugh	2262	republiek_2262
124	Arent Rijckarsse	3870	republiek_3870
125	Johan de Bruyne	3145	republiek_3145
126	Taems Gerritsz. van der Does	2396	republiek_2396
127	Dirck Jacobsz. Seijs	2486	republiek_2486
128	John Melvill	69	republiek_69
129	Jacob Fransz. Wittens	142	republiek_142
130	Carel Antoni Maclaine	561	republiek_561
131	Willem van Goedereede	671	republiek_671
132	Hugo van Erkel	724	republiek_724
133	Thomas Verver	3288	republiek_3288
134	Joan van der Beek	3291	republiek_3291
135	Goswijn Hogers	3294	republiek_3294
136	Janus Dousa	2824	republiek_2824
137	Pieter de Hiniossa	1676	republiek_1676
138	Apollonius Schotte	1683	republiek_1683
139	Ellert de Veer	1712	republiek_1712
140	Jacob Gerritsz. Koorn	1715	republiek_1715
141	George Rataller	1736	republiek_1736
142	Jacob Scotte	1753	republiek_1753
143	Nicolaas Ruysch Claassen	2837	republiek_2837
144	Dirk Jansz. Graswinckel	1754	republiek_1754
145	Cornelis Boey	2766	republiek_2766
146	Cornelis Boyus Ictus	2766	republiek_2766
147	Jacob Jes	1679	republiek_1679
148	Dirck Outgersz. Oostzanen	515	republiek_515
149	Claes Allert Doctor	1043	republiek_1043
150	Nicasius de Sille	1959	republiek_1959
151	Johan Bets	1631	republiek_1631
152	Joris van Hoogwerf	2600	republiek_2600
153	Johan Swijnaart	2391	republiek_2391
154	Johan Swijnas	2391	republiek_2391
155	Duvenvoorde	2335	republiek_2335
156	David Jacobsz. Verheul	2326	republiek_2326
157	Antoine Genits	2838	republiek_2838
158	Ellert de Veer	2826	republiek_2826
159	Jacob Gerritsz. Cassaties	2860	republiek_2860
160	Hendrick Dircksz. Wems	2865	republiek_2865
161	Hendrick Dircksz. Wemmes	2865	republiek_2865
162	François Riccen	1779	republiek_1779
163	Hendrick Dircksz. Wemes	2865	republiek_2865
164	Jan Tijmonsz. Gast	1519	republiek_1519
165	Jacob Jansz. Mars	1307	republiek_1307
166	Gerardt Duesen	1616	republiek_1616
167	Hubrecht Jan Anthonisse	2946	republiek_2946
168	Cornelis Fransz. Wittens	143	republiek_143
169	Cornelis Fransz. de Witte	143	republiek_143
170	Hubrecht de Jonge	2946	republiek_2946
171	Dirk van Teylingen	696	republiek_696
172	Albrecht van Schagen	2014	republiek_2014
173	Theodoricus van Leyden van Leeuwen	1613	republiek_1613
174	Gerardt Doesze	1616	republiek_1616
175	Gerardt Deuse	1616	republiek_1616
176	Gerardt Deusze	1616	republiek_1616
177	Frederick Boymer	2853	republiek_2853
178	Floris Schoterbosch	1667	republiek_1667
179	Andries Cornelisz. de Witte	1708	republiek_1708
180	Frederik de Lier	1804	republiek_1804
181	Johan Iman Cau van de Dussen	2735	republiek_2735
182	Johan van Zuijrendael	2791	republiek_2791
183	Franchois Boot	2796	republiek_2796
184	Cornelis van Groendijk	1785	republiek_1785
185	Meinardus van Buuren	2799	republiek_2799
186	Johan Raven	1847	republiek_1847
187	Evert Both van der Eem	2840	republiek_2840
188	Pieter Rosa (vanaf 1682)	238	republiek_238
189	Jan Arentsz. Snyder	3011	republiek_3011
190	Dirck Reynersz. Bood	3015	republiek_3015
191	Jan Adriaensz. Croon	3018	republiek_3018
192	Bouwen Heijnsz.	1175	republiek_1175
193	Govert Christiaensz. van Slingeland	2516	republiek_2516
194	Adriaan Andriesz. de Lange	959	republiek_959
195	Everard Verschuyr	2328	republiek_2328
196	Adriaan van Clevesteijn	1072	republiek_1072
197	Willem Keyzer	1403	republiek_1403
198	Diderik van der Meyden	1926	republiek_1926
199	Gerrit Aertsz. van Hasselt	2339	republiek_2339
200	Wouter Jacobsz. Schaep	2007	republiek_2007
201	Wouter Jacobsz. Scharp	2007	republiek_2007
202	Jan Dircksz. van der Zeijde	2353	republiek_2353
203	David Jacobsz. van den Heuvel	2326	republiek_2326
204	Johan Pauli	1621	republiek_1621
205	Pieter Arijensz. Bois	1026	republiek_1026
206	Pieter Arijensz. Boys	1026	republiek_1026
207	Carel Bosgaert	1409	republiek_1409
208	Bruine Arendsz. van der Dussen	1022	republiek_1022
209	Cornelis Mesen	1032	republiek_1032
210	Nicolaas Ewoutsz. Vermeulen	2284	republiek_2284
211	Zacharias Hoffdijck van Beresteyn	346	republiek_346
212	Dirk Jansz. Heemskerk van Beest	298	republiek_298
213	Michiel Willemsz. van Hoyst	1330	republiek_1330
214	Jan Pietersz. Reijnse	543	republiek_543
215	Cornelis de Jonge	592	republiek_592
216	Arnout Daye de Jode jr.	852	republiek_852
217	Nicasius de Sylla	1959	republiek_1959
218	Paulus Bordsen	1689	republiek_1689
219	Paulus Baertssen	1689	republiek_1689
220	Paulus Basson	1689	republiek_1689
221	Louis Heuriblocq	2188	republiek_2188
222	Louis Huerenblock	2188	republiek_2188
223	Pieter Claesz. Verhorst	2367	republiek_2367
224	Job Pietersz. Ruvere	1970	republiek_1970
225	Job Pietersz. van Ruiven	1970	republiek_1970
226	Job Pietersz. van Roeren	1970	republiek_1970
227	Willem Vrancken	2368	republiek_2368
228	Pieter Rodincx	1994	republiek_1994
229	Jan Cornelisz. Verhé	2002	republiek_2002
230	Mattheus Augustijnsz. Steyns	2006	republiek_2006
231	Jan Cornelisz. Schellingen	2310	republiek_2310
232	Cornelis Nicolai	660	republiek_660
233	Cornelis Florisz. Blom	2494	republiek_2494
234	Wigbold Adriaan Graaf van Nassau-Bergen	2660	republiek_2660
235	Cornelis Teymon	2877	republiek_2877
236	Jacob de Block	2960	republiek_2960
237	Nicolaas de Block	2959	republiek_2959
238	Johan Ghyselingh	3119	republiek_3119
239	Gasper Ingelsen	3120	republiek_3120
240	Ingel Leunissen	3115	republiek_3115
241	Adriaan Mannemaker	3057	republiek_3057
242	Diderik Buysero	2994	republiek_2994
243	Johan Gijseling	3193	republiek_3193
244	Salomon Dierquens	418	republiek_418
245	André Hesselt van Dinther	3227	republiek_3227
246	Andries Hessels van Dinther	3227	republiek_3227
247	Mattheus Hessels van Dinther	3231	republiek_3231
248	Jasper van Kinschot	407	republiek_407
249	Boudewijn van Barlicom	3245	republiek_3245
250	Gijsbrecht van Loen	3253	republiek_3253
251	Cornelis Vrancken	3252	republiek_3252
252	Derk Frederik van Voorst tot Alerdinck	3413	republiek_3413
253	Borchard Joost van Welvelde tot Buckhorst	3268	republiek_3268
254	Wolter Jan van Broeckhuysen tot den Doorn	3272	republiek_3272
255	Wolf Bentinck tot Langevelso	3273	republiek_3273
256	August Leopold van Pallandt tot Eerde	3277	republiek_3277
257	Gerrit Helmich van Voorst tot Alerdinck	3279	republiek_3279
258	Robert Hendrik van Hambroeck tot Welefelt	3330	republiek_3330
259	Frederik Gijsbert van Dedem tot den Pekkedam	3331	republiek_3331
260	Frederik Gijsbert van Dedem tot Hackmeule	3331	republiek_3331
261	Arend van Raesfelt tot Elssen	3329	republiek_3329
262	Arend Coenraad van der Lauwick tot Benthuis	3445	republiek_3445
263	Christoffel Aemilius van Voorst tot Hagenvoorde	3499	republiek_3499
264	Gillis de Geerbode	994	republiek_994
265	Adriaan van Allemande	1003	republiek_1003
266	Jacob Wormersen van Schonen	1051	republiek_1051
267	Cornelis van Nierop	1066	republiek_1066
268	Joachim van Nierop	1067	republiek_1067
269	Adriaan de Raat	1099	republiek_1099
270	Cornelis Cornelisz. Butterkooper	1231	republiek_1231
271	Adriaen 't Jonk	1646	republiek_1646
272	Kasper van Poelgeest	1983	republiek_1983
273	Joos de Huybert	3156	republiek_3156
274	Cornelis Joansz. Steengracht de Wehl	3186	republiek_3186
275	Gerhardt Doncker	3290	republiek_3290
276	Roelof van den Clooster tot Groenlo	3509	republiek_3509
277	Pieter Stas	3258	republiek_3258
278	Henrick Nieulandt	3565	republiek_3565
279	Johan d'Alles	3178	republiek_3178
280	Cornelis Munnicken	2880	republiek_2880
281	Bonaventura Broen de Keijzer	2924	republiek_2924
282	Jacob Arent Baron de Perponcher Sedlnitsky	430	republiek_430
283	Willem Coux	2928	republiek_2928
284	George Rathaller	1736	republiek_1736
285	Alexander Widenbrug	2262	republiek_2262
286	Crijn Takesz. Ossekooper	1235	republiek_1235
287	Frederik Ricxen	1759	republiek_1759
288	Jacob Pietersz. Tromp	2130	republiek_2130
289	Nanning Kayser	2241	republiek_2241
290	Jan Jansz. Teengh van Berkhout	2309	republiek_2309
291	Willem van der Aa	2368	republiek_2368
292	Jacob Johansz. van Meeuwen	2479	republiek_2479
293	Willem Cornelisz. de Jonge	2521	republiek_2521
294	Aelbert Nierop	2715	republiek_2715
295	Johan Valentijn Sprenger	3167	republiek_3167
296	Gerhard Joan van Suchtelen	3306	republiek_3306
297	Berent de Lespierre	3743	republiek_3743
298	Roelof van Hoevell tot Nijenhuis	3808	republiek_3808
299	Roelof van Hoevell tot den Dam	3808	republiek_3808
300	Pieter de Hynojossa	1676	republiek_1676
301	Jodocus de Huybert	3156	republiek_3156
302	Pieter Ingelveert	3053	republiek_3053
303	Pieter Engelvaart	3053	republiek_3053
304	Cornelis Staefnisse	3144	republiek_3144
305	Cornelis Staefvenisse	3144	republiek_3144
306	Joos Ewoudsz. Teeling	3079	republiek_3079
307	Pieter Duijvelaer	3157	republiek_3157
308	François Valerius	4043	republiek_4043
309	David Hubert Verelst	3852	republiek_3852
310	Jan van de Werke	3140	republiek_3140
311	Nicolaas Willemsz. van Cromstryen	4059	republiek_4059
312	Dirck Stickingh	3283	republiek_3283
313	Lambert ter Cuelen	3812	republiek_3812
314	Lambert ter Coelen	3812	republiek_3812
315	Hendrik Haga	3364	republiek_3364
316	Diederik Stikke	3283	republiek_3283
317	Arnold Lemker	3296	republiek_3296
318	Casper ter Borchorst	3339	republiek_3339
319	Casper ter Borgersz.	3339	republiek_3339
320	Hendrik ter Coelen	3381	republiek_3381
321	Steven Cornelisz. Nijs	3067	republiek_3067
322	Pieter Jansz. Liorne	4078	republiek_4078
323	Pieter Jansz. Livorne	4078	republiek_4078
324	Willem Pietersz. Caescooper	2524	republiek_2524
325	Theodorus Huberti	3816	republiek_3816
326	Willem Ripperda tot Hengelo	3317	republiek_3317
327	Ernst van Ittersum tot de Hofstede	3631	republiek_3631
328	Willem Ripperda tot Boekelo	3317	republiek_3317
329	Arend Sloet tot Tweenijenhuizen	3455	republiek_3455
330	Willem Jurjen van den Boetzelaer tot Westerholt	3706	republiek_3706
331	Peter van Uterwyck tot Alerdinck	3436	republiek_3436
332	Ernst van Ittersum tot Beverveurde	3437	republiek_3437
333	Gerrit Sloet tot Bannevelt	3453	republiek_3453
334	Arend Herman Sloet tot Tweenijenhuizen	3732	republiek_3732
335	François Francq	1655	republiek_1655
336	Crijn Takesz. Osseweyer	1235	republiek_1235
337	Pieter Ingelbert	3053	republiek_3053
338	Feynte Fredericx	4109	republiek_4109
339	George de Bie	3997	republiek_3997
340	Jacques Walravens	4110	republiek_4110
341	Fento Rixen	4109	republiek_4109
342	Fento Fredericsz. Blauvelt	4109	republiek_4109
343	Pieter van Borre	3257	republiek_3257
344	Augustinus Bakker	3969	republiek_3969
345	Jacob Fabrice Bouman	3989	republiek_3989
346	Jacob van Aerssen	3230	republiek_3230
347	Pierre Changuion	4149	republiek_4149
348	Hendrik Verburch	4171	republiek_4171
349	Casper Fagel	770	republiek_770
350	Hendrik Huigh	1162	republiek_1162
351	Comen Reyner Fransz.	1195	republiek_1195
352	Adolphus Transisulanus van Voorst	1852	republiek_1852
353	Hendrik Willemsz. van den Broeck	1972	republiek_1972
354	Willem van Lijere	2019	republiek_2019
355	Galenus Bevers	2990	republiek_2990
356	Jodocus Fockinck	3574	republiek_3574
357	Theodorus Berdenis	3742	republiek_3742
358	Johan ter Beeck	3810	republiek_3810
359	Adriaan van der Hooge	2834	republiek_2834
360	Nicolaas Willem Symonsz. Cromstryen	4059	republiek_4059
361	Johan Ghiselyn	3193	republiek_3193
362	François Francken	1655	republiek_1655
363	Johan van Boeckhoven	2954	republiek_2954
364	Diederik van Egmond van de Nijenburg	1625	republiek_1625
365	Gerrit Jansz. van de Nieuburch	1266	republiek_1266
366	Cornelis Jansz. van de Nieuwburg	1980	republiek_1980
367	Johan Gerritsz. van de Nijenburgh	1275	republiek_1275
368	Lucas Siberti	4200	republiek_4200
369	Gasper Jacob van Citters	2940	republiek_2940
370	Jan André van der Meulen	4239	republiek_4239
371	Meynart van Hensz.	4212	republiek_4212
372	Meynart van Huessen	4212	republiek_4212
373	Meynart van Huissen	4212	republiek_4212
374	Jacob van Beresteyn	4211	republiek_4211
375	Jan Claasz. Noortland	2232	republiek_2232
376	Joachim van den Boetzelaer tot Toutenburg	4096	republiek_4096
377	Van Pallandt tot Beerse	3716	republiek_3716
378	Van Wassenaer van Starrenburg	250	republiek_250
379	Hendrik Jansz. Mossel van Stralen	471	republiek_471
380	Steengracht van Oosterland	2216	republiek_2216
381	Griffioen van Waarder	2852	republiek_2852
382	Sloet van Warmelo	3415	republiek_3415
383	Sloet van Westerholt	3417	republiek_3417
384	Van Rhemen van Rhemenshuizen	3501	republiek_3501
385	Van Rhemen van Rhemenshuizen en de Geldersche Toren	3501	republiek_3501
386	Van Isselmuden van Zwollingercamp	3502	republiek_3502
387	Van Heerdt tot Eversberg	3522	republiek_3522
388	Gansneb genaamd Tengnagel van de Luttenberg	3676	republiek_3676
389	Van Pallandt van Eerde	3716	republiek_3716
390	Sloet van Tweenyenhuizen en Bredenhorst	3736	republiek_3736
391	Borssele van der Hooghe	3839	republiek_3839
392	Van Nagell van Ampsen	4249	republiek_4249
393	Van Boetzelaer van Kijfhoek	1957	republiek_1957
394	Calkoen van Kortenhoef	755	republiek_755
395	François van Harencarspel Decker van Beverwijk	2126	republiek_2126
396	Van Kuffeler van Hoogeveen	2088	republiek_2088
397	Van der Mandere van Ouwerkerk	3869	republiek_3869
398	Nagell	4249	republiek_4249
399	Buyesius	1669	republiek_1669
